start	R-0,0,0,0-1,1,1,1-1,1,1,1-0,0,0,0-0-3,yR,yN,yB,yK,yQ,yB,yN,yR,3/3,yP,yP,yP,yP,yP,yP,yP,yP,3/14/bR,bP,10,gP,gR/bN,bP,10,gP,gN/bB,bP,10,gP,gB/bQ,bP,10,gP,gK/bK,bP,10,gP,gQ/bB,bP,10,gP,gB/bN,bP,10,gP,gN/bR,bP,10,gP,gR/14/3,rP,rP,rP,rP,rP,rP,rP,rP,3/3,rR,rN,rB,rQ,rK,rB,rN,rR,3	3452310
d64	Y-0,0,0,0-1,1,1,1-1,1,1,1-0,0,0,0-0-3,yR,yN,yB,yK,yQ,yB,yN,yR,3/3,yP,yP,yP,1,yP,yP,yP,yP,3/6,bB,7/bR,bP,4,yP,5,gP,gR/bN,bP,9,gP,1,gN/bB,bP,10,gP,gB/bQ,bP,10,gP,gK/bK,1,bP,9,gP,gQ/1,bP,10,gP,gB/bN,bP,10,gP,gN/bR,bP,10,gP,gR/5,rN,3,rP,4/3,rP,rP,rP,rP,rP,rP,1,rP,3/3,rR,1,rB,rQ,rK,rB,rN,rR,3	25966457
d56	R-0,0,0,0-1,1,0,1-1,1,0,1-0,0,0,0-0-3,yR,1,yB,3,yN,yR,3/3,yP,yP,yK,1,yP,yP,1,yP,3/7,gB,1,yP,4/bR,2,yN,8,gP,gR/bN,bP,10,yB,gN/bB,1,yQ,9,gP,gB/1,bP,10,gP,gK/bK,2,bP,6,gP,1,gQ,1/bB,bP,9,rQ,2/bN,1,bP,6,rB,2,gP,gN/bR,bP,4,rP,rP,4,rN,gR/14/3,rP,rP,rP,2,rP,rP,rP,3/3,rR,rN,2,rK,rB,1,rR,3	243046116
d44	Y-0,0,0,0-0,0,0,0-0,0,1,1-0,0,0,0-0-4,yN,1,yK,yQ,yB,1,yR,3/5,yP,2,yP,5/4,yP,3,yN,1,yP,3/1,bR,bP,3,yP,yP,1,yP,2,gP,1/14/1,bP,8,gR,3/bQ,bN,bP,10,gK/bK,bP,10,gP,1/bB,2,yR,8,gP,1/bN,1,bP,8,gP,2/1,bR,9,gN,gP,gR/3,rP,10/3,rP,1,rP,rK,rP,rP,rR,4/3,rR,4,rB,5	99657558
d32	Y-0,0,0,0-0,1,0,0-0,0,0,0-0,0,0,0-0-4,yK,1,yR,7/3,yP,1,yP,yP,yN,1,yB,4/8,yP,5/14/bN,2,bP,1,yN,5,yQ,2/2,bP,11/10,gP,3/bK,2,bP,8,rQ,gK/3,bP,8,gP,gQ/1,bP,10,gR,gN/3,rR,4,rP,5/14/4,rP,rP,rN,7/5,rB,1,rK,2,rB,3	4541076
d22	Y-0,0,0,0-0,0,0,0-0,0,0,0-0,0,0,0-0-3,yR,10/3,yP,2,yK,2,yP,4/14/14/3,bP,yB,7,yQ,1/12,gP,1/3,yR,10/bK,rB,10,gP,gK/1,bP,1,bN,7,gP,2/13,gN/3,rP,10/14/5,rP,3,rK,4/3,rR,6,rR,3	15546842
d14	Y-0,0,0,0-0,0,0,0-0,0,0,0-0,0,0,0-0-4,yQ,5,yR,3/8,yK,1,yP,3/4,yN,9/5,yP,4,gP,3/14/11,gK,2/9,yR,4/3,bK,10/14/3,rP,10/14/3,rR,10/4,rP,9/9,rK,4	1367681
d08	R-0,0,0,0-0,0,0,0-0,0,0,0-0,0,0,0-0-14/14/14/14/14/9,rR,4/12,gK,1/14/14/1,bK,12/10,rR,1,yK,1/9,rP,4/14/4,rK,3,rN,5	423686
chk	Y-0,0,0,0-1,0,1,0-0,0,0,0-0,0,0,0-0-3,yR,2,yK,2,yN,4/14/5,yN,4,yR,3/3,bP,3,yP,1,gQ,gP,2,gR/2,bP,5,yP,4,gN/bR,bP,12/bQ,bP,9,gK,2/1,bP,bK,9,gP,1/12,gP,1/bN,2,bP,9,gN/bR,bP,1,rP,1,rP,1,rP,2,gP,1,gP,gR/8,rN,5/5,rN,2,rP,5/5,bB,1,rK,rB,5	6014459
open	R-0,0,0,0-0,0,0,0-0,0,0,0-0,0,0,0-0-3,3,yK,4,3/3,8,3/3,8,3/14/14/14/14/bK,5,rQ,rR,5,gK/14/14/14/3,8,3/3,8,3/3,3,rK,4,3	217689
cas_r	R-0,0,0,0-1,0,0,0-1,0,0,0-0,0,0,0-0-6,yK,7/14/14/14/14/14/13,gK/bK,13/14/14/14/14/14/3,rR,3,rK,2,rR,3	182100
cas_b	B-0,0,0,0-0,1,0,0-0,1,0,0-0,0,0,0-0-6,yK,7/14/14/bR,13/14/14/13,gK/bK,13/14/14/bR,13/14/14/7,rK,6	182100
cas_y	Y-0,0,0,0-0,0,1,0-0,0,1,0-0,0,0,0-0-3,yR,2,yK,3,yR,3/14/14/14/14/14/13,gK/bK,13/14/14/14/14/14/7,rK,6	182100
cas_g	G-0,0,0,0-0,0,0,1-0,0,0,1-0,0,0,0-0-6,yK,7/14/14/13,gR/14/14/13,gK/bK,13/14/14/13,gR/14/14/7,rK,6	182100
pro_r	R-0,0,0,0-0,0,0,0-0,0,0,0-0,0,0,0-0-6,yK,7/14/14/5,bN,8/6,rP,7/14/13,gK/bK,13/14/14/14/14/14/7,rK,6	58695
pro_b	B-0,0,0,0-0,0,0,0-0,0,0,0-0,0,0,0-0-6,yK,7/14/14/14/14/14/10,rN,2,gK/bK,8,bP,4/14/14/14/14/14/7,rK,6	45695
pro_y	Y-0,0,0,0-0,0,0,0-0,0,0,0-0,0,0,0-0-6,yK,7/14/14/14/14/14/13,gK/bK,13/14/6,yP,7/7,gN,6/14/14/7,rK,6	53565
pro_g	G-0,0,0,0-0,0,0,0-0,0,0,0-0,0,0,0-0-6,yK,7/14/14/14/14/14/3,rN,9,gK/bK,3,gP,9/14/14/14/14/14/7,rK,6	62195
ep_r	G-0,0,0,0-0,0,0,0-0,0,0,0-0,0,0,0-0-{'enPassant':('h3','','','')}-6,yK,7/14/14/14/14/14/13,gK/bK,13/14/14/7,rP,gP,5/14/14/7,rK,6	5950
ep_b	R-0,0,0,0-0,0,0,0-0,0,0,0-0,0,0,0-0-{'enPassant':('','c8','','')}-6,yK,7/14/14/14/14/14/3,bP,9,gK/bK,2,rP,10/14/14/14/14/14/7,rK,6	6100
ep_y	B-0,0,0,0-0,0,0,0-0,0,0,0-0,0,0,0-0-{'enPassant':('','','g12','')}-6,yK,7/14/14/5,bP,yP,7/14/14/13,gK/bK,13/14/14/14/14/14/7,rK,6	5950
ep_g	Y-0,0,0,0-0,0,0,0-0,0,0,0-0,0,0,0-0-{'enPassant':('','','','l8')}-6,yK,7/14/14/14/14/10,yP,3/10,gP,2,gK/bK,13/14/14/14/14/14/7,rK,6	5950
kingcap	R-0,0,0,0-0,0,0,0-0,0,0,0-0,0,0,0-0-6,yK,7/14/14/14/14/14/12,rQ,gK/bK,13/14/14/14/14/7,bR,6/7,rK,6	529
stale	G-0,0,0,0-0,0,0,0-0,0,0,0-0,0,0,0-0-14/6,yR,7/4,yP,1,yK,3,yP,3/gB,3,bP,yP,3,yP,gP,3/3,bP,4,rR,gR,2,gP,1/10,rP,gB,2/14/6,bB,4,gK,2/2,bR,11/bK,2,bQ,1,rP,rK,7/bN,3,bB,2,yB,1,rP,4/7,rP,6/6,yR,7/14	4400675
